A,B,C,D
-0.232880007230981,-0.9416232889123749,-0.8225989905527785,0.8304767786826583
-2.1171319287216175,-0.32818990535029735,-2.3762692110593946,-0.8836784133809332
-2.642951482677293,-0.9084858998674736,-3.0979920439575315,-0.8985069839349025
-2.783823492033108,-1.602009796553058,-2.8403803439913586,-0.45112391133342916
-2.512482784802109,-1.8423709958014352,-3.18374830980463,-0.7924103874930506
-3.4257348717496767,-1.1929744276746086,-3.59539428520487,0.2125363913739955
-4.274051201528261,-2.669470358686625,-3.3375576077863593,-0.7605443612681836
-5.071217868261705,-2.0466892560206578,-2.908722616948891,0.463779540897613
-4.345641050786573,-0.9397125955163108,-3.453914630068467,3.7617735789593247
-5.01622786797648,-1.6285962859014829,-3.984167359701924,2.9665905595827926
-5.556230165268302,-1.5380014314861756,-3.4537391742412313,2.270757017019726
-5.908130656554343,-1.725468432595364,-4.313065150576051,-0.533226867291388
-5.700200877239317,-2.0594816772506883,-5.4063972422453315,-0.2630166649497047
-5.730129422043251,-3.6038494148549733,-5.408968451279555,-1.9456769681981874
-6.0792691131038366,-4.5840890079258845,-6.4628873537900375,-1.8893882466657268
-4.037232816883307,-4.504657075305971,-5.614736827628104,-3.025283271100366
-3.9896997634176596,-3.6730411541108956,-6.289022492348105,-3.911228432232891
-4.2946515579025375,-4.723927905740928,-7.5978019677690884,-5.428403850525536
-4.034142376404665,-4.806844058727398,-7.811019335586166,-6.112218916954189
-3.6015731178415935,-5.03241587232156,-6.971824434844366,-7.478292465002408
-5.646051018730635,-4.567718662281285,-4.894745920004905,-8.132749490481668
-5.449162751393509,-3.3026952791497317,-4.902567900265976,-8.75026407552401
-5.667365458508857,-3.948281774602159,-4.080730701584678,-9.612381475584504
-5.38646022010517,-5.62216289958971,-3.967462718568955,-9.819714471528474
-5.425353987735235,-6.07317642739649,-4.265590329052685,-8.093031066045155
-5.818714243322329,-5.064662960077623,-4.285655277250268,-8.534227192938328
-6.207643018900101,-6.196469595386919,-4.637763559729878,-8.22703474216546
-4.868778229160359,-6.659556339544793,-5.3762155183674905,-7.892763850547167
-3.800901633922245,-7.353613974295742,-5.215381438701273,-9.180440384974036
-4.291717434404502,-7.819805608686405,-3.0914056259671177,-7.624815811038208
-3.0955486729552346,-6.687691340810727,-5.219913393880676,-7.050545926455369
-3.4950315777614307,-7.7023603137547845,-6.39371117875162,-7.0694986694591435
-2.891258842232288,-8.481694849910982,-4.882683418544014,-7.873109932586628
-4.466943316897117,-8.017589632715781,-7.400794871831207,-8.031831968523827
-4.769478302205143,-7.783191216526593,-8.765937671548189,-7.877357615994569
-5.6816356317398915,-6.76964664794218,-5.997621811389188,-7.245088187754693
-5.263051147676491,-8.026980169848038,-5.661819649613772,-4.923060382776065
-4.9863985637085975,-8.463522874277931,-6.94849801743856,-5.963473355510545
-5.934609548801142,-7.781567267112654,-6.863979219101328,-6.186520774591739
-4.885933749525859,-6.714527029685731,-5.575740126144664,-7.305242629265744
-4.1988151108918,-6.0806732213028525,-6.627613273740979,-8.613042449726773
-5.365873310106771,-5.852880689047165,-5.2753484844142795,-7.042445132551732
-4.586916979656616,-6.048356108638674,-5.492283154444226,-8.279906295887193
-3.1922127530746964,-5.2772794714544204,-5.921786165666139,-7.924071556563769
-3.8642871124179043,-4.972659538611699,-7.406468959761254,-9.367614103863621
-2.9875921385669773,-5.039499309784598,-7.035388355902972,-11.08948779617579
-2.453287573311236,-4.001565307272079,-8.43340192348395,-10.816924934176885
-3.1864159971710393,-4.23457041622365,-9.0515686206967,-10.451476820706976
-2.56561491268117,-5.234185099372799,-9.412372573099471,-9.539160431276393
-3.130296700832198,-4.778456202446679,-8.9331166239317,-10.625559141048138
-3.6952849804050008,-5.195555204566679,-6.989972297752381,-10.70369966641351
-3.684617326992371,-5.014292346961508,-5.636840746463449,-10.353203058178721
-2.2993906721512953,-5.950612142024512,-5.385283384984476,-8.503603888456224
-1.1567737825143622,-6.952288694810129,-5.930312733255064,-8.79974716311587
-2.277639590862193,-6.122289911487507,-6.557998660709458,-8.378663004360856
-2.661861538101867,-6.07185622151576,-7.27368552173099,-10.189461514794761
-2.5979071226821766,-5.058419796780801,-5.996119223252952,-9.917566322740075
-3.880451757455369,-2.8791078952243945,-7.262866601918171,-11.322981861184532
-3.904221344550837,-3.087111382477916,-9.466034231649656,-12.451396330515943
-3.4759141229045456,-3.8455306785291294,-9.406310125866295,-11.858864866987108
-3.537854697386209,-2.923184774108504,-10.638068513482418,-12.4051720094613
-4.369385616299673,-0.8541624449825842,-10.216175696754386,-11.939405184648848
-1.8502448680182693,-0.6116716259879584,-8.495099295165414,-10.607868783752451
-2.380615273430667,0.2477471329706986,-7.777403373847675,-8.907238466923262
-3.1426704552977567,0.5288362144758658,-6.969341710667805,-10.756983031339564
-2.9960234822359033,1.4391818293241858,-6.528898848969539,-10.869356651226676
-2.4072167213048945,1.9201526497560562,-3.8693387392550407,-10.747072339014636
-1.029840211894357,2.3628980139195592,-4.852561824057627,-11.407451638128721
-0.16237674924066803,0.8012696851442989,-5.012563743179811,-11.12868506537826
0.6907581529412798,-0.40904893470566095,-5.384697707067355,-11.014960188598364
0.5173903268027304,-0.4577425705428127,-6.635373368996164,-11.252355123459319
1.007387346199398,-1.6317767932649423,-5.79119985230176,-10.511672762386004
0.6740302770832478,-1.0071699101212919,-4.996959673195704,-10.774414644611205
0.35669867429436486,-0.06202937833073585,-5.6142052131139275,-10.571372698457742
0.4881615201082514,-0.0784202560827127,-5.350513191246781,-11.869117016254748
0.81767637094677,-0.07299549176541592,-5.535200951791095,-10.553443178391742
-0.08491910942008474,1.1102800889725348,-8.21609577054097,-9.150716088380861
-0.2540010987401631,-0.6690213909563378,-8.06580836139489,-9.146689398537166
-0.558396425684687,0.22120424219645363,-9.102962041032312,-10.1407717308539
-1.6825248376262318,0.970170265243557,-9.253468268289428,-11.48501525927434
-1.2952879111739901,1.5295419911153485,-10.94814755088023,-13.370884508809786
-1.7222429896040186,4.040533831880552,-12.072605196796012,-13.372756223449391
-0.22292583937767918,3.944983577743312,-10.91893750847726,-13.644367475262062
0.09680057430057115,3.181186306949623,-12.223747013638178,-13.240684586104026
-0.47208999331895124,2.2480226159565904,-12.170374626755342,-13.05295445300223
-1.402892823637563,3.091288454786967,-11.857373163912055,-14.067445663998486
-2.0112802208688443,4.715647185102883,-11.682023177002975,-13.124995456023628
-2.981312614403875,4.8702970904779255,-13.206856552559703,-14.223333944296352
-1.846865666177271,5.569612428287172,-12.679806108265165,-14.125345126782204
-2.2730360298275523,4.812949498309356,-14.039929245148873,-13.500932699265913
-2.2323175722327884,3.510311659283306,-13.364723207992695,-13.318620390510068
-3.892620793506685,3.8202626347138815,-12.859745520897379,-12.894696707214711
-3.929499982964248,3.5529436816365148,-12.227025193646124,-12.97665102439439
-4.666766113446651,5.013738943244406,-11.466898158405964,-13.536039774217796
-6.171681743479452,3.7710493451113125,-11.843200114838906,-14.77114448284818
-7.791522530326045,4.070215926618166,-11.543409705137318,-14.669096747304824
-7.83923890936342,4.002592176806336,-13.042564655332399,-16.08359839774051
-7.846461422393107,5.707857305396343,-12.082722059767441,-15.251544619109575
-6.767248221872989,5.161729275625665,-12.894803738483322,-14.978702912868883
-5.730517235715041,5.70401537888709,-12.308478432797692,-16.017672601907968
-3.6934478347061,6.697200846375133,-13.962328706738802,-15.62382686298303
-5.047210986219606,7.584330952268262,-15.776211864939237,-15.320720447830515
-6.275505775022266,9.198700990415592,-15.374782559143346,-14.35470593040186
-7.038354312103935,11.41197607102614,-14.84080054672625,-15.42912826300231
-6.92186547806711,12.424969447748397,-15.587241513836643,-16.685691065502514
-7.168994459342331,10.881055283937078,-14.565095730990986,-18.58763599541811
-7.169257093776618,11.432469270739361,-13.630519383027597,-17.90239030040971
-7.059542812855995,11.168141453730275,-13.496732597587558,-19.53947695371807
-7.643072789435703,12.76164441740779,-13.842199407888694,-19.670200295361212
-7.217712771405729,11.78308997776634,-13.89740003804219,-20.18653634110587
-9.26155547437859,9.957138606108272,-13.37953582531739,-19.672753013807355
-8.644835119653871,10.160729048422493,-14.992456550670404,-18.883918190599136
-9.365790792544031,10.695124309072147,-15.27676597745741,-18.201807633479255
-8.146260224669069,9.745240980197512,-14.062317218567056,-16.361018988945418
-7.076656843586699,9.068853646185131,-15.081234875993896,-16.534998344106942
-8.08656471038466,8.293929921897565,-14.614937694831665,-17.67595115104278
-10.31300720682501,9.82465635062863,-14.588252338217874,-17.776498840935062
-9.215806999319314,9.415786523768826,-12.004728743165526,-15.930938041202161
-9.36046759683681,10.090865162922661,-12.422195831758724,-16.791824491808114
-10.218524816396064,10.101675456996,-12.573761324930317,-17.521362664638627
-10.129055578631851,10.831927763579937,-13.809814943666431,-18.747334167784896
-9.880331236574275,11.750566556777333,-12.655291819374057,-18.82998356347426
-8.550759007042515,12.380327726013856,-12.192937773376356,-20.393454945045274
-9.562318327699561,11.490872237635102,-12.08403543904264,-21.13467596293818
-8.375787680009553,10.686242018904903,-12.381677171921492,-20.663859484065217
-8.583681422374148,11.126235409250647,-12.147488256624435,-20.654510876059486
-8.580131351119114,11.923503506892658,-12.45050220364705,-20.88120896560275
-9.041732990368457,10.166348130191885,-11.845810619647292,-19.984980397860042
-7.919391200858731,10.276201492092035,-13.166714116695012,-20.532495810082615
-6.737444306809084,10.997058335221713,-13.479372768662769,-19.940166695112556
-7.549689959893175,11.20024075208935,-13.91285621944104,-20.292153010410555
-6.496352664711131,10.24127486696651,-15.3647588401848,-21.83138837085241
-9.291729638695301,10.605831058696188,-16.39349662472646,-22.947002998721967
-10.197749479381832,10.615142666287227,-17.760736165677177,-24.04808583982399
-10.607118586380377,10.658353847092297,-18.55816095273121,-24.82733750817699
-10.723030178294154,10.892837615245432,-20.18522171748583,-25.256587816967727
-11.999623397917802,11.380829893156037,-20.75003287613494,-25.531275861110235
-11.860472969096953,10.346876975617912,-20.170454042773123,-26.402785158383182
-10.865019497724587,9.028861398990385,-21.144222855789277,-25.53383341573113
-10.273870312589601,8.449390265348015,-19.832583224559837,-26.376592859266093
-10.047381720941749,10.147486445123258,-18.444699915955262,-25.877469025018815
-9.22207915159649,11.187159009495678,-19.90377159770673,-25.580817051637226
-11.062342118315287,9.683147360141962,-19.49587012173751,-25.294721265924437
-11.175976373672025,9.283804706265384,-19.461517867381126,-24.415822515637903
-11.997445200333194,7.581702344905745,-18.645401418517054,-23.573146716076973
-11.996456826630371,7.098423920832605,-18.36725412887077,-25.68984684252409
-12.04942820408239,7.369757305783321,-20.68408807507485,-24.882981275278173
-9.757074247619764,7.711851838444287,-18.75920668983736,-27.41944669669977
-9.211017330568286,9.052537215074732,-20.0059404527154,-29.575094555301227
-8.768544370780889,9.326623770155633,-20.610198530489267,-30.16775347791467
-9.6859668297637,10.389970982897918,-19.504991354098898,-30.134535395437126
-9.328382339675947,10.336084215222984,-19.504119965581115,-30.756473855322128
-8.942125389753249,10.394509320938964,-19.468763514474748,-30.97319762819075
-9.463652014166316,9.429545920543376,-18.79311206145049,-31.811699105691478
-10.153053527826215,7.3685961463197,-19.56895791088854,-30.696795207142493
-10.036602781888423,8.785449604607008,-17.477505748163242,-31.51625958700598
-11.299861592180925,8.661252681835007,-16.29016089083668,-32.57446974939685
-12.052081527453812,8.123532662285376,-15.898805121821697,-32.406559849065125
-12.337608030452063,7.258109791908112,-16.48620871728614,-33.0222848766164
-11.553809237874045,7.934386030341859,-16.660222898070245,-32.900648352702454
-11.19043655684178,6.372237783869592,-15.807264436480347,-33.38268845069392
-10.533103209492136,6.274520947800183,-16.680002514883505,-33.544970800598506
-8.343740500876207,6.132842118597472,-14.900640595072094,-33.92065594866569
-8.835433999522682,8.542181478175479,-15.30569409936432,-33.17640679471284
-10.536708011921718,8.464387296397922,-14.30556102959624,-34.31974425932941
-10.347834726144649,7.398966819401678,-14.687460633799326,-34.31108714611663
-11.023930552348553,5.729431944644085,-14.166435122682657,-34.0913415907564
-11.539526346739084,5.114023302964919,-13.549496952353566,-34.4436527144536
-12.07114521667905,5.628122480092089,-14.10353570005402,-35.20645455708277
-11.73205317468465,5.959635149695933,-13.59139909013366,-36.595836536286825
-11.095079844087914,6.116105822794518,-12.79427080466152,-35.39849458530467
-10.172475992630156,5.13357805990872,-12.212421844485728,-35.20993280074024
-10.061664202669919,4.7299085526012,-15.308096361946571,-34.71309376676309
-10.240166230755772,3.8162856715117828,-15.582192372579506,-33.80806164868447
-11.087549982407952,3.977559446759996,-14.748763881346086,-34.21461495644735
-11.493604760548285,3.646256161881145,-15.966309415651839,-34.760355390066955
-12.912122723591011,4.793143897073087,-17.212625000821888,-34.678564360565645
-12.17494418702165,6.014947051875341,-17.247168541833762,-35.56538471442331
-10.144883391817547,6.419404817796371,-16.037246833945133,-34.596766751624585
-8.858473216030577,7.005767918317361,-14.431492139076086,-34.76709424883265
-10.561114178039983,6.342747243934752,-14.034865781459468,-34.70784235176616
-9.684451152818776,6.698151808782359,-15.513219683927934,-33.28546708887477
-7.222214552619661,4.559504059141582,-15.331907241127022,-32.98811925664715
-7.6429241714603044,5.463566912732451,-15.85750350828188,-31.834871227674267
-8.550387381026114,5.3043263976118356,-18.319992462653104,-31.88452945387105
-7.775429248135538,3.5768319926658436,-19.302837733056105,-33.17965721363819
-7.07163770825377,3.383613992920387,-17.827932743516218,-33.02383989853362
-7.826521154011397,4.796191079992004,-19.885123133778134,-34.345380583445866
-7.653512116755091,4.030056164633182,-20.663355802856138,-33.320265365431716
-6.360976420632102,4.321402540081257,-21.328659110398803,-32.74382473863549
-6.757248156707944,2.880459806091906,-20.3549174319174,-32.164404023005545
-7.629103411381273,4.146519585091418,-18.575865838735503,-32.18130914223579
-7.319871095398179,5.929648473118622,-18.402278875427395,-34.15466237666468
-8.464180717423389,6.1461547057164925,-15.883372790853098,-34.76805129605486
-8.36550329122792,6.057079918902296,-16.680856963113133,-34.82622308912022
-6.569374153391413,6.080121303226543,-17.6087698081878,-33.70657982085097
-5.970391164162984,5.556703591099313,-16.722212261044305,-32.600696734908176
-4.584694823223866,5.21474163163189,-17.226533778309868,-32.07786872435034
-4.431262825896985,5.63317140169839,-16.698947457549732,-30.06008426787655
-4.883889034301026,5.377291991603167,-16.463278313683418,-29.768241282200325
-4.852741694373899,5.650262098840064,-15.802907624035203,-29.972755836491398
-3.588837223912332,5.544858677486988,-16.08274679869455,-29.760958186465928
-2.5664409820078724,6.012432573144811,-15.65206849516803,-29.45485914367429
-4.053037303954142,4.934172025547665,-15.407701975967049,-28.96150471040004
-1.5006846063722512,5.143370787595664,-14.985878687359419,-29.72379170629944
-2.1164106386135804,4.86889721342131,-15.582832608825216,-29.585534602738765
-3.022648571697337,4.9078970147743775,-14.591217022137192,-29.502350097260383
-3.622793224275862,3.501572250168652,-15.195088284164251,-29.324850591350828
-4.331612992721841,2.1354830375982123,-13.446707837036392,-30.710520136292207
-4.703869432562482,2.832784515635011,-14.713711809302513,-31.977633797019955
-4.169991135196164,4.505557572283101,-13.981082019606458,-34.07097109798341
-5.04574693838577,6.181852586453797,-14.556110427095016,-34.07322679799508
-5.165098012874663,4.182515096355274,-14.745932755164926,-33.31431764648694
-4.108115217161167,2.2328231349328336,-14.40214961771957,-32.28564033373917
-3.5126164018239847,2.445964781337216,-14.278598331888645,-33.85201871447307
-4.704957223459479,2.575490566763226,-16.512488577771812,-34.46716076546194
-5.478889652334789,1.9805626270823997,-18.860951164648654,-35.96595460121756
-6.008413572744728,2.1164481300527878,-17.171267382671026,-34.95339243040285
-6.086278805735877,1.0495949510521463,-18.77734417678774,-35.451838018386695
-5.379527293257447,1.1603575376709379,-17.91934606460116,-35.312585529755005
-5.1260773158181525,2.679450403815258,-18.224733233727765,-35.854493737256405
-4.81320833942615,1.0744814485310041,-19.4907630147982,-36.28359487083855
-5.1363414613611456,1.6027866079803674,-19.774172067116197,-35.30151067952057
-5.483481830540919,3.0767029996007826,-21.065900749708945,-32.86078970391996
-6.027893347968628,4.409435030955716,-21.51831908295263,-33.40033499525726
-7.786696512035501,4.7579113359267415,-21.567209415160736,-32.72649577336127
-6.12247575370345,3.481318765093767,-22.769425857171456,-33.277949722698374
-6.638178583407747,4.125254773435798,-22.30210112353939,-33.9590592818681
-7.587119846459716,2.237054500620589,-22.82385448885396,-34.84263340083654
-8.850735890350263,0.8157531942996343,-21.774920928199073,-34.06338376274607
-10.162634761517673,0.7894758309685707,-22.274609445807005,-34.35147299013619
-10.172288769322478,0.2841079767253887,-21.136223898077578,-34.66370454041947
-11.198641198202898,-0.40071441117838413,-21.386046780141125,-35.11554944035168
-11.397071396769519,-0.39092239253907785,-22.192552669807952,-35.42922024475573
-11.600426579030598,-1.006470004703719,-22.030312634843895,-32.38601058372089
-10.903846752459907,1.8277768230490166,-22.637081305995892,-32.47585926874731
-11.670778725051337,2.046682589950341,-24.453161292282594,-31.979011079274656
-13.197278407794398,2.251558443059826,-22.911526691477707,-32.19973636119084
-10.998482440068605,1.3983787350715366,-24.35339601056982,-33.69942804083385
-10.210209689782769,0.8059775653021672,-24.421834383574815,-33.350233651556266
-11.100646996642514,2.7941482852369126,-24.6797212238144,-32.64314229302532
-11.932274648672319,1.8908886266808775,-23.591191946415968,-33.072362577370015
-13.00626485627205,2.854933378113711,-23.985811253552694,-33.31305029783384
-13.015896800200203,4.379888029476525,-22.93204245738324,-32.82482220031208
-13.073369760053264,5.448649861360652,-22.321393839525705,-34.60592692030174
-12.370104202367898,4.60882934503632,-22.767572356812398,-35.40335793592524
-14.652605148536162,4.207431029702085,-23.10221514162404,-33.98203361402618
-15.004727057401382,3.5825513527461497,-21.987889491359518,-34.279923314467936
-13.727457436890264,4.940360368663511,-23.588245224938692,-34.112896405416116
-14.131434714672645,3.396281249531153,-24.09285174121386,-34.950034412268394
-14.449295515136793,4.2742046999817855,-23.580502576034526,-35.77437178071925
-16.153812101200316,2.8297532363036613,-22.276736977007932,-33.9422655292197
-14.65350424400306,2.84488721958163,-23.063702026322655,-31.34705463410992
-14.238982759504431,2.9655757919616534,-21.231849718591015,-31.099572942448177
-13.403748103231196,3.848208440530143,-18.599245921056625,-29.871140343114412
-13.010025991764815,2.1143656686773387,-17.96067412903561,-29.66366869929461
-13.398000655039226,4.174869610612728,-18.64428151233416,-29.454571495632933
-12.624336006624027,2.6570922060000797,-19.209313664867274,-30.796911130817133
-14.100162765342693,3.071177882959505,-18.233960560002274,-30.426625976381136
-14.251189904712314,3.0728550173090254,-18.949451185526364,-32.15306839833258
-15.655136516174142,3.964750993936109,-18.9523131040176,-32.02062159392886
-15.395802061661133,4.127570652269516,-19.113911633280114,-31.5150641010799
-16.86822941583274,4.963224456473509,-18.600203817413256,-30.89848497259576
-17.71760620181067,4.999656218225284,-17.325136706106463,-32.36832551682822
-16.919808030807744,7.2936314219805976,-18.718819044990845,-32.88285358011381
-17.270713897958874,7.032337029606365,-20.42571262223243,-34.745559178359166
-17.5187651571283,7.016578118890726,-19.7585076142691,-34.05500540679701
-18.95177875584043,6.898841569367753,-20.155704310883635,-35.13343827012523
-18.064461631224738,7.01157027958868,-19.974067180612078,-35.91832826080226
-15.70760494766601,6.54743205108595,-20.24314286811729,-36.25175473524588
-16.17540348400645,7.503015974438411,-20.538563751615424,-35.24424819335759
-16.971767479185086,6.64867535854368,-21.63446969171764,-33.1014992803008
-17.23946179128361,6.31801798099942,-24.176954149814133,-32.651596752361016
-18.74236372002823,8.075601873814938,-23.67959108990791,-33.67966519899086
-19.779444440890778,8.630515078332497,-24.605994043128504,-33.77687734982572
-20.704855128492156,8.870723540721619,-24.965651964616434,-33.90842933956094
-19.397154611234075,10.006145014593322,-25.492472365492905,-33.29030597921057
-18.749194625878324,9.476424273500013,-26.894356968865512,-33.04687213861578
-19.867817676895157,9.725737492284033,-25.80968955216092,-31.67530614461845
-18.540504514887218,11.809991842933554,-26.852399224044493,-33.29852172691091
-19.549899171034998,11.9748343136751,-26.3242352523991,-34.140369336888384
-19.882131609719387,10.483837947663,-27.005433908632256,-33.173210319611904
-19.851302271256717,11.057727070967605,-27.155655801721238,-33.62093775058265
-20.579125387005167,11.424978358108588,-28.80634435608735,-33.89873188167552
-19.807046696089614,11.877440237271012,-29.06484417882634,-34.769278270011185
-20.265830146797175,12.403541370015093,-30.286597025273608,-34.64200055420316
-20.303949572831918,12.923395989890393,-29.3192143095246,-34.75088982374477
-18.876652103755898,12.323489742013317,-27.82449109227055,-33.06472132106019
-17.97969033556661,12.465914340480673,-28.139412160112006,-31.76497325283527
-17.05015217633901,11.638327673898127,-28.579322234826364,-31.190082159335493
-17.254268480944148,13.019300006726947,-27.642809740556714,-32.02806359807232
-16.58917951671115,13.2691549086055,-25.309645894639548,-32.889015366238795
-16.659986035547675,13.399462788804904,-24.971804222896225,-32.205565572303236
-14.970119867310844,13.283549580460264,-24.342291557082277,-34.126887723898314
-15.56439116138897,14.110226084589268,-25.058792447947695,-34.983338746207444
-16.71283756605147,14.670323328405276,-25.15243386281619,-33.17444609089887
-16.49672639047459,14.845401697268866,-23.51763342679849,-33.980564133681334
-16.95439401983667,15.354474370330546,-24.030887502094384,-35.51715366403885
-15.910041170677555,17.22861596963253,-24.04669396412497,-33.79704357061598
-15.222949055091025,16.827990385598852,-24.71803171392665,-31.894262309104267
-15.1231485928522,17.75217277892641,-23.733680472434862,-32.72736394474591
-15.092691932495098,18.495766880519373,-22.516444208624947,-33.656861175636045
-15.699857126701747,18.101545827025916,-24.18349142740546,-32.97834393897332
-15.533612303221016,16.98053596761164,-24.64440973752962,-30.13132231610091
-16.024383336306837,16.063862570918218,-26.105537098958557,-27.609703633322333
-16.364307338921922,16.56604726239797,-27.745644434485573,-27.253593597331474
-15.123091545838257,15.967557164828904,-28.220453842017854,-26.570819002016012
-15.81994845818159,15.438836809733488,-28.69402155062495,-26.977942243401344
-15.246311994175583,16.4111478311689,-28.124864054041787,-28.230788933236624
-16.694955264340425,16.122411216425323,-27.773907293124434,-30.556226312427963
-15.166468970508806,14.142628968057458,-24.902253968646583,-30.270760709475898
-14.21075269147401,12.970151420903296,-25.975178893642827,-28.54099646168599
-13.983073648892384,12.18893292764074,-27.233061348974537,-29.33358799354357
-14.255641212330474,13.103301931954624,-27.712208577746967,-29.756623430452432
-14.550146353193014,14.775096428715038,-28.00733161431436,-28.01304775769755
-13.199191474737725,13.211229503554126,-28.2422034420601,-26.9099486967374
-14.954442001114261,13.808762817121611,-28.58795960750057,-24.734947779744658
-14.489547038629388,13.528727385512683,-30.647844779475573,-24.222500183112263
-13.487747448238794,14.668021918057367,-30.76796878477317,-24.473345899661865
-11.993479493779697,16.935272695973435,-31.179962928677334,-25.105198151010892
-13.155903856614534,16.84500392975024,-31.523767033933762,-25.375051516440863
-13.308392452557886,17.82110351238039,-32.9771931569947,-24.618551368784754
-13.389135675839771,18.098974841200402,-30.252658501430066,-24.61648362885213
-13.311560301633968,17.01562401363229,-30.365806919936887,-22.565543420315564
-12.661565205602283,17.96355883776399,-29.299931390698443,-22.04218623904415
-12.990316155303994,17.633756132231635,-27.72924394673046,-22.21853948732713
-12.768596404373898,18.769519617710287,-29.23111323049854,-22.642830335461195
-12.318488692566111,18.881208718392767,-29.661318060527172,-22.306632505131244
-12.247304023202412,19.147319588300956,-29.72293413113735,-21.432214527713153
-11.064216239018304,18.832510524225736,-29.4111188005143,-22.068967222706398
-11.730803150402965,17.22733536313284,-29.06206664837812,-20.68098232144771
-12.240646548600983,20.160571817450222,-28.780534020647377,-21.31431821609336
-13.260181943298111,20.916939984307234,-29.58837870414453,-19.844054041153395
-15.44206515627149,21.14969014258024,-29.748915341556707,-19.090948003103744
-14.747922738028645,18.795941634771456,-29.55901614577298,-19.06831809267292
-15.134173041452291,18.475198479667423,-30.627179668449138,-17.072225491766787
-13.65338439433334,18.127363054870386,-30.84030445243178,-14.634532954371931
-13.60658306897427,19.173875687301585,-29.234571750727017,-13.353853914398488
-13.733615409933023,19.47228176294106,-28.02938684997601,-13.680437185364534
-14.386720350092183,19.67789970381958,-29.256317086697003,-13.006180067736127
-15.965075847182993,20.540501652722195,-30.198953329517508,-12.876945314549772
-14.748992515609114,20.3063345907856,-29.508872771439062,-11.886853687245974
-14.8320758162004,19.97506047855634,-31.02525269575229,-12.347145090258229
-15.34137623571851,21.04946098808606,-30.375832334955746,-13.456719055609035
-16.541062508450864,21.433230023795193,-31.450217670475986,-13.713463867933791
-17.387085615542457,21.73558822067579,-32.099090907968986,-14.026326030648297
-17.832801040582115,22.260339619059966,-32.13316855126938,-13.56169117856458
-18.23276631305645,21.991997914901837,-31.662155428338984,-13.952569968137745
-17.837250940951503,21.706482141969587,-33.19554142125883,-13.64592444926725
-15.474069011964835,21.181842696945438,-33.14457541044412,-14.201400055730964
-15.294170376548305,20.537799842651594,-32.887344194958615,-15.074090419341367
-14.649567254928995,21.89692298439955,-34.54108027300754,-15.689881901140435
-14.301711307455323,22.771079995819882,-34.901800739322844,-16.44288347838279
-14.223476731903656,22.151567046148898,-35.67599358933792,-17.573094214879852
-14.986515004188883,21.383429656540685,-35.55803867951209,-17.840992262991826
-15.421860808882702,21.119681998957727,-36.011229709236986,-18.47468582814905
-15.845179318988738,23.070049797126828,-36.40235841586846,-17.588492074294127
-16.293070836146114,24.30862559222787,-35.51270285506563,-17.567016097578062
-16.275007014326647,22.608364879887247,-37.071499115987,-18.883454021619407
-15.172917053092249,21.54843570175948,-37.56167593816177,-20.13007908512136
-15.838888087772691,18.823623065499074,-36.92266148177148,-21.10265602369372
-14.481846086081713,19.260466470403397,-37.438751345180414,-21.580310429750288
-14.345692133492445,19.063099181849797,-37.22777495418805,-23.71566365851061
-14.334694311410075,18.1326860381529,-35.756001798087134,-23.226930960498066
-15.960853183235784,17.00797693889333,-34.866090945487684,-21.59179527503589
-15.8400723278176,19.11231256718021,-33.40616927579319,-22.448790387067813
-16.59318854985773,18.87045605621863,-33.99102423153611,-22.003803516426455
-16.10126445930177,19.315844438638116,-33.47267867441533,-20.531290709855895
-15.71366331573694,20.77566935113391,-32.35141277001573,-21.559008520491577
-16.619095715016325,22.577091457768425,-32.16596023578499,-23.129780316857374
-15.981410772044223,23.159715068317034,-32.69372582559221,-23.94073886528587
-17.066499185741634,22.378209673002456,-33.875445604671704,-25.261708320247394
-17.269572181905644,22.071314899203394,-34.22482592361095,-23.667816598494753
-18.225664595460614,22.717634300883724,-35.13371549609942,-23.00308978513986
-15.794889472575637,21.521205415263214,-33.66253781288311,-23.25446279041972
-15.274335712403374,21.053696138127535,-31.989633633454567,-22.308664475183054
-15.659315620086703,21.9774018633645,-32.467286906814074,-21.151051274029424
-14.441729748620219,22.382419588422668,-32.307653319153914,-23.13638565016283
-14.460293917293908,21.94558872510188,-30.664189138581225,-24.86519386075565
-15.697646142103473,22.3434048450615,-30.239297016777915,-25.66336189286963
-15.539758764094252,23.104569088640925,-33.114046296657776,-26.308293561370075
-15.416117951993453,22.171032570540078,-31.867410733488356,-26.530804646803517
-14.756088976154466,22.764896626161153,-31.27847476243858,-27.98791257388645
-15.045574390142086,22.749870914493407,-32.517340914816806,-28.62369864447321
-15.739636039769799,22.720946535993463,-32.52560266447939,-28.895574268211107
-16.72704728540456,22.489901091843027,-32.54014276497382,-29.219429575657642
-14.074922843045702,23.35886011172758,-31.458407643330023,-29.312166028362252
-14.694542594525167,21.887367969943444,-32.59781250845738,-30.27734221777445
-15.234106849731447,21.618687225074932,-31.979486886886534,-30.753385977353634
-16.69894320917173,21.56636537441703,-33.073575831311054,-30.580674491049063
-16.157927932758017,21.816265019729716,-34.23969645461819,-31.129450226572157
-15.56219930836786,21.814739434567272,-34.14160364433152,-32.41683750591
-17.422070287699462,21.694582619052316,-33.62939985089793,-32.93798515960205
-18.202509124922454,23.138195825713947,-33.61215373331324,-31.58065711197734
-19.499714578625227,23.513236312627146,-33.089569985356285,-30.44152804389804
-18.645983337590064,23.950895137788166,-31.350308802578294,-29.71234207030617
-16.805303740472898,24.704920585858126,-31.31303232335343,-30.239563866877134
-15.916753422007845,25.4150375511915,-32.21866750586121,-28.94842842045889
-16.820831134473206,24.5443340113953,-31.19743982127825,-27.818047633316656
-15.85302264790151,24.67475940735275,-30.195034157075348,-29.167834059796995
-15.611940057177259,25.564352369093662,-31.163081700054295,-29.85968825995456
-15.835889305108438,24.518476296550926,-30.796346842983045,-30.315791138402286
-16.56010242015982,25.13360953771067,-31.58600674974405,-29.39125323585353
-14.830081218408642,25.03535242164497,-30.750566160611758,-29.39189625566985
-14.828837730381624,26.568012498355866,-31.419874278759337,-28.904996364514897
-14.17488050152624,26.683366505201512,-30.806344861167414,-28.36595593989189
-15.22106039619584,26.647872973756932,-31.913453365577652,-28.526149010591226
-13.65336090305868,26.02140463904894,-32.4987272046156,-28.899593886413975
-13.325394540128556,26.345371358711976,-32.23979308330046,-28.564431257650444
-12.499967211220433,25.274975563914424,-31.64528458375832,-28.900744993401062
-13.325736610165457,25.71865471416365,-31.040163372283445,-28.405120009289266
-13.773873627944663,25.658995282515736,-30.56525953997713,-28.673024787878223
-12.867108457531375,26.476911992115376,-30.53757672959025,-29.94075045381694
-13.608962036963455,26.82945069644402,-29.20333992554152,-30.635180761448474
-15.27364334601692,27.146871876407697,-29.773299515812063,-30.817379448889394
-15.212466420922373,26.449898553047987,-30.633771474314806,-29.5709035890847
-15.990170597655803,26.065228290389257,-29.368439977475717,-29.056357399204725
-17.348604822787927,25.783378679417552,-28.715200390303632,-28.9917658425925
-16.05363204293492,25.10219482948617,-29.27948360628999,-29.4546019197834
-15.848217093965875,26.332328809273758,-30.617432402063667,-30.65673138451921
-16.127263582687817,24.38478137581798,-29.4734608027286,-33.18650229537141
-15.535565800908323,24.072052674240346,-30.53549435687598,-34.44385411939912
-15.153292587880252,23.91625202597033,-29.169867621850745,-34.65916125525331
-15.298070639009328,22.292082889174008,-28.344108434049215,-34.55978202000077
-15.675350223852435,22.958119666624114,-27.449065359495222,-36.70641600449943
-14.604668692698585,24.440271598839,-28.15359203257737,-37.04128534582815
-13.11500649693538,24.526298929282277,-26.657442945553164,-36.9806790371216
-14.22420664694705,25.253547037564232,-26.90931889102951,-38.55522141943061
-13.633622315166768,25.85547058808481,-27.442569544271876,-37.07255929988958
-14.223489832215494,25.63277907864343,-27.171452785565915,-36.718001180081586
-12.811114172064894,26.049921293886207,-26.89463430268665,-35.38030906499594
-12.568346185172373,27.326423324485194,-27.26743263235076,-35.96958804573636
-12.641700585852012,29.38565203763474,-26.366371527962755,-36.644135670266515
-13.255380860488538,28.84683340888883,-25.737832076767884,-39.2532152214475
-13.968386834953355,28.979878845856653,-24.55532200752012,-39.936641941110345
-13.031544216051902,29.002543364646098,-23.617491327855543,-40.896393807117875
-14.006265116027528,29.717648379195868,-22.48213218220094,-39.80393958818885
-14.002131642323201,29.641070525849337,-20.98480099860691,-40.596111833819535
-14.870230237396948,29.46368172045989,-21.417714642447176,-43.028684360482046
-14.079615289807656,30.288253355099314,-22.24537668529703,-43.30212897360406
-13.304826919759883,30.311036981013842,-23.602428146274228,-42.373574406776676
-14.134370737810958,29.373376893895582,-24.485644632805606,-42.79276688151244
-12.848638760712097,29.0491307739108,-27.01976807222234,-42.82693088162506
-14.827415039545219,29.08341885325156,-27.57639923734223,-43.72244856921111
-14.429117845070353,29.196886593528514,-26.362570797586002,-44.242853038525915
-14.685100406197375,28.34391493859891,-23.26806087845211,-44.401893818989215
-16.736762904815752,26.184306722567538,-22.360116817814895,-45.82229591106062
-16.64885688430312,25.50090386228456,-22.80966693359731,-46.457529140603974
-14.555351164824446,24.66480443051793,-23.02082984824026,-46.82493701279072
-13.466897927346485,25.58209830017538,-24.085247386189224,-47.77543326749845
-14.203802271673027,26.64844544662479,-24.57357590976682,-47.99445400275471
-12.700584566071303,25.782625376220164,-26.00653337673186,-46.86303695287644
-12.205188018666059,26.650906330236484,-24.79663330093824,-46.56220496719019
-12.021443188132897,28.30111130022687,-24.114482670742394,-46.99726955930359
-12.148837703618595,28.10259375179081,-23.603445442373445,-48.968262446350444
-12.987883629867062,27.55977211683949,-24.551034651323896,-48.19462087334783
-13.17761497727489,26.39905581877915,-24.090515143130975,-46.64484895938633
-13.77317777978068,25.429308081070936,-24.716741099440753,-45.00962514837524
-15.729597788061923,24.981195011672824,-25.598724257057032,-44.920588683361544
-16.590996575254856,25.096137783845066,-25.348944328441917,-45.975148039559684
-15.774832304595725,25.150701366692534,-24.864657513396764,-47.235853624503996
-15.291369581096257,25.193960795597242,-25.425999071233903,-46.559732875225144
-15.808715589432614,25.875603077697647,-24.49083748657259,-45.51833755720214
-16.08033713185118,26.21780591321104,-23.64474407542841,-47.2543461379704
-16.276438236126207,26.379510740796693,-23.758145478345426,-45.685269399190716
-16.29923238814292,26.27865862335927,-25.269534124793353,-45.39191831245279
-17.58635096430556,26.681535125301057,-25.582339148066424,-43.558280137097135
-17.032193307232493,25.83105211071914,-26.524403078926934,-43.63612952095325
-17.711742285354973,25.6289043198254,-26.884395560644467,-44.08386679181017
-19.114380870249256,23.87476652850863,-28.029391094856205,-42.362346954749285
-18.89610592088504,23.685676415582392,-27.90800750795846,-42.39191291686603
-17.979985634472047,23.12573873720862,-28.58336740646942,-42.65510043700838
-17.987739563944526,24.041123816720127,-30.61627054341326,-43.24079577122407
-18.40430022190965,23.96451782482356,-30.005112545080426,-44.71284417755499
-19.19967622996693,26.60351056272015,-30.43672924710843,-45.12858560669354
-20.07340151420313,27.157129704913796,-30.75928985375471,-43.78498475361553
-19.191026922321406,27.94245108993003,-29.458706978437313,-43.53642711512817
-18.715369311092047,27.95563234460909,-30.517111259417216,-45.05522569967183
-18.71263504701975,29.674411281597166,-30.25399498692125,-44.71608609445456
-17.725448966840887,29.806458666476658,-29.905583125205972,-45.06789409829167
-17.451413696964536,28.847807007520085,-28.95175682257628,-44.35977654370759
-17.657378795661057,28.167508379065442,-28.186821688686212,-42.952739965987334
-18.918260399042097,25.65479755399831,-27.34314405642486,-43.6722512336226
-19.675492974180887,26.451032995971584,-28.419557342093135,-43.21078378264411
-20.213098838682587,25.64564700866732,-29.390133400691308,-43.125045328720724
-18.567676377024195,25.288698430419274,-31.73302313121866,-43.711609543727974
-17.303737176725352,25.33442219581167,-29.9281913179779,-43.554862563057746
-17.545699324467403,25.663740826254475,-28.31150992670475,-43.647508777595505
-17.18103528056748,26.936969016300857,-28.30507745178495,-44.2558395220058
-16.225786795669176,26.573552742060254,-28.594742807697813,-42.74176357345585
-17.043272511816646,26.952749567967853,-29.039862344673523,-40.31301360180317
-16.467600715585977,26.28514779272933,-28.85320998144861,-40.317684299911065
-16.938063283479146,26.16246609924447,-29.00068855463641,-40.07806495590535
-17.6349901353071,26.041826708056877,-31.721056119141785,-39.86787532151047
-17.28995561103688,25.68930879031584,-32.71224850274137,-38.77740491350791
-16.742026645505646,26.395213751201407,-30.846519849289646,-38.45665423797295
-18.043138385423845,28.01220804126481,-30.071878222058675,-38.47530663756663
-19.97494567445896,27.73513074534226,-30.86128662830876,-38.30547242216609
-19.622145609806914,27.00242088686322,-31.526491136644108,-36.8935157573275
-18.36189243715034,27.338380666218224,-30.054807348749883,-34.75851433202599
-17.912458955367775,28.387157047993735,-30.024891137525742,-34.22629704647254
-17.72198917756788,29.153564531725788,-31.741067815418905,-32.777263408474894
-16.609801329410427,29.514088522126453,-32.053008460049924,-32.578784253605676
-14.442581461078223,29.416227857492288,-31.312109754068825,-31.936567519353687
-15.563223996792853,28.494295854628838,-31.884572511183855,-30.61668834997847
-17.428158397090463,28.074854648365758,-31.254847218761448,-28.78923648095511
-17.438127882866844,26.53500667318019,-31.33159522137593,-27.076117719086785
-16.03989511183804,26.701125766530826,-29.52235062821715,-26.134065655553627
-15.89917643649577,28.113894726914026,-29.509804200707695,-26.72456040607802
-16.19858444425709,27.70195896268792,-28.788131303104144,-26.491621063288214
-16.795443473451442,28.88685529367845,-28.386190552489744,-26.873608762149114
-16.037612329976405,28.687477672415124,-28.204527698656598,-28.788983349543404
-16.966465531792586,28.034742412646622,-27.668769174197333,-29.721617438428844
-16.789796671290514,26.85661436545039,-28.071427395417764,-30.38579573756417
-16.45039403401176,26.00027838923518,-28.2656014710063,-31.18355589786706
-17.065354542085718,27.211163549747567,-27.214671080818068,-30.951175613815487
-18.742002987897266,27.46237604112961,-26.534112459372043,-31.374884109790358
-18.70467243528996,28.163574266861545,-25.979705370441415,-31.42290912883645
-19.203929874603578,28.87215499554316,-26.320780986572906,-30.439810989623382
-17.93653649593682,28.15499282925572,-26.821603654556082,-29.076985729679638
-17.891558155629188,27.06684990576447,-26.60148137913026,-28.191509394251124
-17.35017915733288,26.68388608831781,-27.355349040494854,-28.209783862777734
-17.358394603213238,27.63675775777484,-26.05047112498118,-29.643947718908958
-19.896093325682582,25.613994996853013,-26.36466422701704,-28.69292423528537
-19.873609996047893,27.550259615882464,-25.644787786073714,-29.295629365315747
-20.033256405339415,27.531261120712156,-25.678859602618225,-28.751078759721704
-19.99091821794057,27.55988822978397,-25.66003558537142,-27.68383113464745
-21.881110237748544,28.05297904307016,-26.44807672407063,-27.780649351706582
-23.136003206882407,26.538836110060537,-27.05750145404541,-29.69275191678596
-23.4267027257036,25.235693003094763,-27.381849835837723,-29.7821903371636
-22.62965473839538,24.54258634347072,-27.699780303250833,-29.478360530744556
-21.733098617431942,24.8194265289946,-26.89740685970049,-30.063204175414754
-20.30961789071757,24.84495477362604,-25.99468801792289,-30.230878994462486
-21.391749252171575,24.92665706146511,-26.954341502280116,-28.8420995066444
-22.916873677716538,25.285509931250566,-25.822882031165722,-31.44160448785472
-22.576188639554907,24.06942481827675,-26.52948922834498,-31.948530235690026
-23.258798868670134,24.31581873866371,-26.27039320359713,-35.3280963170479
-23.340433229847626,23.631872900373796,-26.91423780136729,-35.15232321101368
-23.307251360323534,24.552251978486964,-27.133155562990908,-36.83000694926601
-24.019048913376572,24.55045581846459,-27.36315956641823,-35.68493108230848
-23.237400012364475,24.155544813857205,-27.265648399962664,-34.412916337368976
-22.708301876011863,25.33362091836737,-27.701001313606824,-34.531217556586554
-22.770419236690255,25.457614383645286,-27.981686211870098,-34.39598195866599
-22.305044676272693,25.42914518459532,-27.89161792412372,-34.08076956536943
-24.379956868746866,23.45282110497834,-27.935117432521384,-34.095782856886814
-23.70081386692094,23.19508689325922,-28.558783815068583,-34.55764765899548
-23.804552084618255,24.30526989953704,-28.972426911319772,-35.192820939199535
-22.710267193418822,24.391997429692587,-27.146659678918002,-33.950526550409364
-21.7425767029705,23.79119239575592,-27.88128016360312,-35.82834758690508
-21.631904694282465,25.210195817252405,-28.111679793966193,-35.944476437363626
-21.079266730301303,25.616268985916392,-27.73253431216416,-33.21933313718021
-22.270558223678883,25.724974467691247,-26.71850225412188,-36.82136303470746
-24.17671914472461,25.92141488034462,-27.102393181992266,-36.72482655253404
-22.620375917447717,25.30931435052069,-25.94417434385043,-37.05978453127418
-22.402472977607882,24.479114202308693,-25.306059006092944,-37.99085785336107
-21.50565724411671,24.084103418374905,-27.000849275712195,-35.937268058421935
-20.851045653440355,24.212553270938184,-26.31649635665623,-35.90401921767601
-21.23102440021159,25.334649251364976,-25.564681231435088,-36.05703790541712
-22.399372081584083,27.01066650926171,-25.359929515302877,-34.819088544978186
-24.295860545453642,27.405904406670818,-24.758736737367027,-34.760457761103055
-24.297400271001862,28.76094927825194,-25.227992061511863,-34.925032321123425
-22.203695869122754,29.4312068161482,-22.760553255760957,-36.86381756123108
-22.315775056950756,29.937288751761695,-22.781114797664625,-36.42363491765018
-23.658971129922808,30.64552275240816,-22.567849159720133,-37.53867817766745
-25.156878915606733,31.95297981958982,-21.717445612237313,-37.45485193562148
-25.95233938889531,30.77066808567132,-22.34572116268748,-37.15278071069843
-25.969119958842143,29.67786769430416,-22.158090608326493,-38.48385298200987
-27.74592239898653,30.312918248696743,-22.11851134768276,-38.83580032630277
-28.297337660788052,29.80810818225318,-22.75830632830542,-38.56910021968418
-28.841393411654327,29.98975121054108,-22.64927403820247,-40.031158947461535
-28.541676460543567,29.653657266800007,-23.357004916628863,-42.32497861994408
-27.94512548863451,28.28350417605354,-23.79058606515479,-43.01522827134183
-29.387352121999825,26.930344964951534,-24.053456880039935,-43.33903293619826
-30.102728996794994,24.936167956502814,-26.308441420494553,-43.96527125929592
-29.920945106306373,25.370553322014402,-26.156619049984233,-44.46302539984195
-28.496783370029142,24.545300330770377,-26.243339258470655,-44.37059522526389
-28.88376880476271,24.484412565743515,-27.16268937188399,-45.597208937193066
-29.464079361265433,24.15034442722895,-28.510112894788442,-45.5570524551424
-28.763363431776042,23.48375411808411,-28.724194301727252,-44.03854253518108
-28.733634726806436,23.061563076726575,-29.631258739356166,-42.92414332791132
-27.90764496542693,25.36214446631832,-29.123173314816558,-42.74417040572312
-28.700126132899605,25.355091026781686,-30.710794436651483,-42.46006456421417
-28.73659914186991,25.2006183180902,-30.562372081007364,-41.75827992550798
-29.366614323518693,24.52806043622365,-31.4766881660949,-43.69698937301602
-29.06431803095475,23.000288876390783,-30.84505454808018,-43.45702513202624
-29.509704139383512,22.722989503945445,-29.97358965964642,-44.14141198710153
-29.42508621013919,22.328031459214124,-28.50442935622562,-44.70261697161103
-29.243608555429674,22.439670560243744,-27.482729284322886,-43.36091261306676
-28.62042173152632,21.09874752267768,-27.44239359288214,-43.101411441838366
-28.869454841336502,20.533501954370557,-27.858545893950005,-42.596668028709914
-30.340886788757796,19.00070230726355,-29.013169557509684,-44.35048535714492
-32.259366887238386,18.73350307031763,-29.542478602727904,-43.60970711144942
-33.08031559215027,18.523537981153805,-31.489739667005306,-42.840649859472585
-33.361239539879236,16.91971974864937,-32.13957009456798,-43.45915795503495
-32.60594662881491,16.401403038257836,-34.374274106628334,-43.58496012586332
-33.45825941933376,16.670346499864017,-36.16305406344041,-41.935075579875345
-32.50562747246887,15.952031974090598,-36.02535608954836,-40.800375169204784
-32.910029488325236,16.457648068175025,-36.9722542257923,-40.69694298240663
-33.91568484921289,17.032116371970076,-37.94421181407724,-40.46179385132224
-34.66074244371724,17.236961037675865,-37.92102625111952,-41.22755729567777
-33.53990110276174,17.494993280140708,-38.230299401313,-39.28510699252771
-35.30326173337894,17.84789516123421,-38.43232869229793,-40.33739466653741
-34.77625825874669,19.335585108799393,-38.7867406110332,-39.911708589023114
-33.68140130978724,17.020249016594494,-38.15737170080786,-40.03293668384242
-33.93638679880234,17.445522194177073,-38.568807772052004,-40.31853768369861
-35.77795392199653,16.243165858453043,-38.34762429662597,-42.28066724824239
-33.705634342782695,15.671920709348848,-38.76871114756606,-43.67944824050948
-33.631533220535815,15.389983643548968,-39.308523511471385,-43.21500645899445
-34.674809129193605,15.013673760783938,-40.17882306392516,-44.385920220153004
-34.30507552511997,16.151359345305654,-39.53190304822336,-44.0830596899266
-34.824809332877294,15.9190229359692,-39.004490047338315,-44.34355913625226
-36.249605409138276,15.695571486606159,-38.601819502747674,-43.60052068384615
-36.67646736405187,14.613514148963057,-40.58007856486248,-44.120464250230434
-36.329677872043675,13.884765216229944,-40.12539979115067,-44.40699687676671
-36.97222369549171,12.600449239688215,-40.58293882852076,-44.799801554570166
-36.97163487455243,11.632256938620621,-40.78144090986495,-44.41339347215386
-36.95596383871887,9.420106848827709,-42.17319567009952,-45.275787662273004
-37.55829928611773,9.655210075996594,-40.83415431410605,-44.99932959046814
-37.95487141783277,11.158293294385974,-39.60305086414312,-44.32899395210684
-39.748740022617284,12.093415619777032,-39.72165142605475,-45.25642631930567
-39.82085080807553,12.393433352660402,-39.988204214423234,-43.75128518918612
-40.46693977625422,10.99337219850602,-39.42655909413563,-42.75161572830038
-37.62132198916987,12.321966193563918,-40.22680747895099,-41.42469237985987
-38.861555722187354,10.928718493657886,-39.56147440911934,-40.32634559256639
-38.910720196889976,12.390354790088598,-39.07484030392909,-40.558661017923
-40.048622252165025,12.253742136762146,-41.10329647380976,-40.319282982375164
-41.75270586418156,13.735520467506655,-40.12821777772998,-41.40174286887304
-43.34352986409773,12.178809376177497,-42.2312752235623,-39.41173861486694
-44.033126838325636,13.02287285994611,-42.30425468262732,-40.04211215523633
-43.94322573258222,13.901377632328282,-42.41197363359397,-39.705828770882604
-43.426626169358066,14.385823012768984,-41.993592522402295,-39.6935396108218
-42.83597291916121,14.649194437995108,-44.94952323356027,-41.71035387474286
-43.20732923923571,13.920827264362321,-45.124175998404645,-43.16367165562855
-43.38097222903359,13.536318433112232,-47.014261798867565,-43.299290237577225
-45.40543396466951,14.778335626292812,-47.59446985334811,-41.827570048239735
-45.21228979172529,14.949845003071431,-47.03529696880429,-40.075187255068464
-45.393182949369844,15.245914524611793,-48.890991660203845,-39.94508478101076
-44.12492795329544,16.122225125619092,-49.73531851402164,-40.66122765052642
-44.19067487248271,15.34903885625194,-48.40557854902563,-41.27505212984341
-43.6537057911731,13.664308167338046,-47.8063821817032,-42.08384429880533
-44.221620388966166,13.131748471424538,-47.4178188021176,-41.21958910785703
-44.35956562900422,13.606784910863237,-46.95754150557216,-40.42812705021828
-45.13724948669383,13.856780080177087,-48.23067463524511,-40.310441035080885
-44.37818558705805,13.1866023512051,-50.977431430588595,-39.91725356857553
-43.4821978512093,14.601707869494847,-50.13446223665967,-39.25124728957756
-43.973606873354804,15.600242668900309,-50.50135810969699,-40.13228123224331
-44.29591674705244,15.626381693780148,-50.4817880519921,-39.81293379407096
-46.117428885302424,13.70906470167765,-50.56437724838936,-38.10961729291984
-46.014177541707845,14.227208434238007,-50.20488418873061,-38.264536495959725
-47.02251050652418,14.519023287234264,-50.489241625779556,-37.7486797519864
-46.886887230764394,15.86509202827577,-48.13851991159053,-34.39309515147493
-45.73757015157085,16.229557015621058,-49.21160324008425,-33.42076076495583
-45.49966070875006,15.973889740247115,-49.96160077805743,-33.42168868624558
-44.399634993677566,16.1093625511374,-48.905381242338706,-34.78808574223856
-44.5522098155514,17.75174922454146,-50.53227319034454,-36.0533227591841
-44.41383824282097,16.3312756171416,-50.00343999554527,-36.72496461519732
-45.00811536137558,16.106945407199568,-50.87984157786378,-36.6260123080239
-44.28532999370575,16.18674024783416,-49.85827218633775,-38.6085969730403
-44.84610476349464,17.477789756372353,-51.572165574654676,-39.75021774203344
-43.11723358228785,18.804085779692215,-52.03134358204033,-40.793550523077684
-42.03409515979429,20.14802611647271,-52.14893861346392,-41.5562971678714
-41.169727065504404,16.529715091908912,-52.42222898442731,-41.823249875547326
-40.0581439639698,15.46218386511016,-51.535218064030225,-42.83487779589011
-39.40199188023336,16.02368756096488,-51.85346671931389,-44.539772884337026
-39.393497284218505,15.531904825556747,-51.516388071542195,-43.34044583288899
-40.016542420882814,14.666621465873323,-50.32414531549487,-45.23703089109509
-41.53096496490099,16.586267909924917,-51.66096315335399,-46.15506008054654
-43.24019619947015,17.591720016807287,-52.84532709918667,-46.16874112556357
-40.83521702025714,16.763433729110023,-54.090048767299734,-45.49273304213021
-39.57799942727586,15.609682088168029,-53.48488641246762,-44.80027280621708
-37.3967341789894,15.072911893021748,-54.03307752830328,-44.59925534944106
-39.105301753622044,14.397279485698311,-53.50465882862066,-44.692407992509935
-40.015583969238975,13.361490939793503,-55.48979196689873,-46.42413057188825
-40.99088169875688,12.91079172819251,-55.96932637288949,-46.6817557133589
-41.79857938339908,14.397873580605683,-56.08698670648782,-46.41118334029329
-42.02526011507521,15.981052331835432,-56.048872113776,-48.06696860236444
-42.64485009960286,16.505572115033623,-56.59336885341256,-49.35106279620859
-41.74897045988583,17.152488966873644,-56.1291181516057,-47.41968676883046
-42.53718167738616,17.027653912936422,-55.78375333739682,-47.59397373940937
-42.597337676619716,18.116141416341968,-54.375902990641585,-46.67699605296844
-43.63779451997791,18.368855416814213,-55.6325521869823,-46.19700845959859
-44.57676440321921,17.772968439070578,-55.1084605948299,-47.174012491900086
-45.89444918707343,18.484850171022977,-55.56154855077273,-47.609746445487325
-47.300741989331215,18.46479262177556,-54.763701747866875,-49.51935784262246
-46.55521667717164,18.786927697414633,-54.96612863498815,-51.191997235325154
-47.02319778960685,19.381610697764717,-55.66237148151289,-49.87487813667632
-47.91059203600025,19.579278798096084,-55.230810085976806,-50.64218654689297
-45.62722105926375,20.948956589156847,-55.9807208772014,-52.599223986268164
-44.07454556291202,19.42844248052533,-56.92696290802341,-51.80878906500396
-45.12454468756707,20.14287366716378,-54.740113188221116,-51.96963857250629
-45.76376997642858,19.41102258318463,-54.57958408502913,-50.851226557281805
-46.00316228561716,20.67528685662647,-54.567425608715176,-49.71204819815707
-45.61232542430876,21.548865551399107,-55.21363928684545,-49.86820117743265
-44.8189928168777,20.604798360196515,-55.41766918067396,-50.52619024554545
-44.44937925380914,21.955661704890076,-55.778968014098616,-50.30670889146461
-44.251437735417085,22.270398346150113,-55.40026889434794,-52.754856050846215
-44.507249667824006,23.383972399163767,-54.1219157350961,-54.834167449199775
-45.45469567179158,23.603146532371834,-52.54917640049773,-54.44511661126993
-44.21150762534901,22.160774472191953,-51.95985239548972,-55.40909211294313
-46.647253354057625,21.647968047127637,-51.54042992039393,-55.15575225953675
-46.17331634492332,20.901860267751943,-51.49986662698941,-55.85334359294086
-45.95310863901338,23.235991533219035,-52.836252393408486,-56.06746528673848
-46.930514093871665,23.45273955183744,-53.44959423757215,-56.35570479649903
-48.3543683002297,23.22860348455253,-54.18172687266353,-56.05387206804091
-47.82204623065599,23.318196725265718,-53.234646398997995,-54.5853227618529
-46.22092334707599,22.627900406015314,-52.05992441979878,-54.096644288718686
-46.413208918169445,21.900895371551968,-51.01875269492204,-54.38651141794195
-45.65866423017342,21.94520595266628,-49.349148488719,-55.81207198514261
-46.291555208015886,21.757561657991122,-49.10388407144348,-53.84515207145694
-47.62701433955961,22.026702351692084,-48.48022239186045,-52.340986160836245
-49.16486303156039,22.129314507123972,-47.2904664234492,-53.5173445972262
-48.71279426161429,21.3387567412364,-47.01327927245642,-52.31549811776472
-47.80641522126905,21.709979205982066,-46.48344021763328,-52.85730014084429
-46.72936109625245,22.36724154283215,-45.14909827405127,-51.94514509892823
-47.65890369147921,22.68280916276878,-45.37431712828934,-52.520993939704645
-50.49672668066039,21.786431594746382,-45.31566238091223,-52.888382538638545
-50.020424796389314,22.869996855077474,-44.80606426142819,-52.19741259159022
-49.657825720835625,20.815325515204872,-42.84355284886415,-51.93900157710233
-48.86466284897799,20.73143105937709,-42.790874976550974,-52.63713517942642
-48.59143877225994,21.22699867686614,-43.01641718739895,-53.77211601055978
-48.08055465873548,19.819507364141156,-41.3872418021949,-55.15333355767883
-48.26719493148528,20.232126365233967,-42.05595108676807,-55.06026783409061
-48.44858720652687,20.873652394725422,-40.318438966990634,-54.906477423126
-47.097759242415144,18.32975031996323,-39.846023317744255,-56.03104590045746
-47.29256676473127,17.943688087218685,-39.872036608516964,-55.641056713571025
-48.963849743689515,16.06490224820874,-39.45886751419295,-55.8983652655663
-48.42284509974463,15.399955434222758,-39.87808647076866,-55.871911223757046
-47.26425492551126,15.666022019788674,-39.72037796866213,-54.59186284979067
-47.65330772208221,15.638306316152468,-39.61078975520997,-53.669171993950926
-45.99755713536645,15.225690290957242,-40.52209913902383,-53.24153761571489
-46.82236604962801,15.644150360463193,-40.46154575261321,-53.65849641554065
-47.99467217724139,16.31060102383937,-40.7201399216404,-54.1362565998138
-47.52258924687887,14.9160024782945,-37.75584519777372,-54.53467006079685
-47.890979310083424,14.502665215323265,-38.28662622464246,-54.158696607142794
-46.46508378098929,13.439767458026923,-37.01354816169306,-54.39208663207978
-46.000123520062594,12.344276947481239,-36.389003190759034,-54.116102135545816
-47.07386800654162,12.218158196814244,-35.5307004548734,-53.47021323218579
-46.80730498877173,11.732791765462174,-37.482649990711124,-53.33549050345956
-47.398407561446525,11.433205980138803,-34.682913889136465,-54.35874297275122
-46.89672108417609,10.691411994584282,-34.11070840828932,-51.975341497916006
-47.33367502722907,10.132501489183557,-33.25342516769139,-50.77773189457487
-47.63728495162635,9.303572704660512,-32.04371735719619,-48.350120791499094
-48.64289562960352,9.200516981335532,-31.839394737604927,-47.75111849008305
-48.83583947597789,7.494329507818377,-32.83495216146846,-47.09968105703788
-48.72419423082358,7.7460724484812005,-31.667238485652888,-47.4999783439522
-49.87968178934031,7.665746695619349,-31.680869856303868,-46.36172664082902
-49.25556974974232,7.29749519334338,-30.322596901550746,-44.72539475855002
-50.1355665230981,9.299117804445068,-31.747433406479704,-45.473272728412674
-50.34220941817004,10.466405441836155,-32.00394473548165,-45.879944511882535
-51.08096077347063,10.060682264708081,-31.50195497500372,-45.59878532578722
-51.21865029821216,10.510337018821666,-30.902313135123737,-44.851874431952545
-49.74590953583748,9.653632393571732,-30.885999940080573,-43.655122393625525
-51.3535450604003,9.894107567082528,-31.153307149645904,-42.55192794963957
-51.56183751691137,10.399968597021909,-31.579446081900993,-39.522349803931895
-50.82782698935167,8.226479470551553,-30.444321882403372,-37.382548236520655
-52.32949213526523,7.15356752738709,-29.512552697083855,-37.63374959537083
-50.30974454467238,7.815597061076974,-28.04274640197654,-37.68571689260259
-48.411388000346406,8.237624417808128,-26.922519180587436,-38.61237434385185
-48.72971394025032,8.465519919668099,-27.714968705699015,-38.29814181176144
-50.95944279138406,7.2339753336393,-27.399559628243097,-37.59564512456941
-51.06299738936818,6.636130181230216,-26.403859653083458,-38.646839874199415
-50.75778442570255,6.707524248684685,-25.930074892685468,-38.64906152556933
-50.47070843767643,6.914552750294459,-25.61003441563336,-39.321065243312205
-52.276809722405226,7.184286513021154,-24.87052854097008,-40.12211542769816
-51.762032561745265,8.2816280341162,-24.51703283336058,-40.691787318154475
-50.921343750449296,8.159097764598073,-24.331330469364463,-39.487355869932614
-50.942094907466036,8.37775559651366,-24.655145781600343,-40.480475813715294
-52.152839114798766,9.003907669952314,-23.071798427735242,-39.17041233982608
-53.271395708529,8.841686892758155,-23.563924894291354,-40.229789662969424
-53.04277372665513,8.494522230525442,-22.703631876817816,-38.96826141371714
-52.72101714498426,8.358716044678882,-23.76569794812485,-40.106849381966015
-54.06802104654055,8.202984282025424,-25.720676356397238,-38.95315590467069
-51.232831278501244,8.145872388713972,-26.26506173414899,-38.881054092692786
-51.02074606324978,7.546366354554448,-25.3907600648413,-38.88264505661317
-53.54422775084512,5.851707826368783,-24.960519877273434,-37.73969073128353
-52.46426544654851,5.895739786389073,-25.356873496543848,-39.32874946093661
-51.69794992388294,5.131888587435231,-26.45572191290436,-38.70838477860166
-51.4039229277812,6.396172954524342,-29.230910284023157,-37.66683624404099
-50.19330460833986,5.36748529443472,-29.651832516621834,-37.91680468400578
-50.79912599397977,4.3786916340463655,-29.43637096671806,-40.00831338427786
-51.80252015575574,4.36065400903038,-29.713975545281958,-40.940383563720374
-52.61052591042943,4.892024355939183,-28.525893792358552,-40.194390851316925
-51.47559741297256,5.02906403310441,-27.73407328866942,-40.04232273759153
-52.05699298398632,5.485116154993387,-29.371843212882016,-40.67500345046707
-52.36646789685159,6.0557645966779035,-27.286383857641766,-41.05738221065135
-52.70489719250537,7.022282830040051,-26.781019759846124,-41.052160308481504
-52.22240932575714,6.666054124845824,-28.2752320560612,-41.70920683959096
-52.536363018006625,6.021651119072653,-27.861599157037503,-42.66838523148074
-51.320439066630215,7.080712614423472,-28.985092020538136,-39.6782046041457
-51.72299431052204,7.569473887269828,-28.70048270925756,-40.87798929105169
-50.3305993262318,6.708438447500363,-28.634782028008917,-41.29424815706673
-48.98252194775116,6.70563680713741,-28.499335930909456,-39.924290151651846
-49.11717532563043,7.517998527636918,-27.279213406982073,-40.66193004999684
-48.678235587888025,8.368079241277904,-28.07808224037396,-40.31328368157191
-49.917999877509786,10.088579209833453,-29.70267249288136,-39.44793349965656
-49.879025005900424,11.215438812331682,-30.499761864040856,-39.649284913263216
-50.379232906778626,11.29461622118531,-30.332841630402346,-38.77103341916574
-50.19344667196475,9.77764812642174,-30.503607128443605,-39.237582520340126
-51.45903086279844,10.290107852142041,-30.99449521437343,-37.26423099590411
-52.44983149180276,10.354375757552443,-30.931881901035318,-37.36686653784799
-52.87364081924776,9.323739584066754,-31.13493147808992,-36.97694002023949
-52.355494007339665,7.780293646339911,-31.51183070795622,-37.148435891935776
-50.94852023162271,7.833666074901266,-32.66497274709048,-35.627165229653585
-52.97890746134991,7.806922034485524,-30.960872349193746,-35.57711971807352
-51.52645162921619,6.2159898302928775,-30.824277297949997,-33.39139638906147
-52.12814696022311,6.062873024168612,-30.18673935847194,-34.156146609463505
-51.5657724999283,5.523315054606356,-30.42771897325081,-35.35773811666689
-53.22776157014971,7.457193043374412,-31.70259417038405,-33.74096983297482
-54.25910694270766,7.113640572022581,-31.269848877438605,-32.91791513465355
-51.89835718488762,7.330768467385525,-31.76576548084385,-33.693123907525205
-50.50300061891816,6.363246195202384,-32.238230531890785,-34.350821164157004
-50.13411716116564,6.249407215840336,-31.801605764450407,-35.17914437179501
-51.686203300136974,5.34407972433826,-32.325128093855014,-36.777286237908044
-51.8893914534513,5.448120936620215,-32.61039956877159,-36.78307622641877
-52.08947889883405,4.539887198386759,-32.30033792444046,-37.56673677955861
-52.25197031549466,4.187429285234666,-31.295508270641147,-37.930791415603196
-52.29845647413173,6.121926445087063,-30.809680694734805,-38.704724042386275
-52.349245453691985,5.421221351061876,-31.15661651334813,-36.10236006669823
-52.26329411319386,4.998589528384481,-31.569154306033372,-35.65036300478299
-52.37850249360479,4.9137852878239565,-31.411396757069706,-36.726705455680914
-50.901073024096256,5.299182810927731,-30.927134296613875,-36.278491899905305
-50.376262730669325,5.319676747600268,-32.22253692356831,-35.89383646711129
-50.39228934904264,5.006508115613857,-32.280721249538125,-34.99317654266855
-49.70192842856623,6.073131770444822,-32.88768179179328,-34.243372646235585
-48.124328406248836,5.352912309856935,-32.41247400755129,-34.53177919683527
-48.38866504011959,4.770651649132447,-32.53317225223462,-34.79924443916231
-48.8848086612277,2.7649489218262606,-32.42810325884733,-32.72277963370063
-50.314115737650674,3.0330534973124177,-32.67416911286402,-32.40821264322092
-51.86589507226968,3.2610191527303223,-31.28066235871264,-32.20478873448768
-51.778248317724454,3.8375718958542713,-31.562322998032965,-32.425696519289716
-52.82396065489495,2.9303268170973222,-31.094391976967653,-33.080714345310625
-52.80507249259179,5.410910118571664,-30.778695539864025,-32.26011302094966
-53.053557404747096,5.946425332807268,-32.48068499669045,-32.648349252539596
-52.65335861506791,4.700461429740426,-32.013135380792725,-33.94884584508728
-54.229086854495314,4.292799106681134,-31.88202436791032,-33.20743522740076
-53.051484539370676,3.514077847211583,-32.61392197719614,-34.61686270622335
-51.3151817868415,1.7806617177121242,-31.238693658882728,-33.020648247856826
-52.87499164993914,1.2728436884283068,-30.807076393739532,-32.46439184066669
-52.452166218893,2.2004913770553935,-30.676350609169827,-31.554741082835676
-52.423051993746114,2.9024018661869824,-30.421330070032774,-30.876428227737776
-51.471245195484165,2.3259592229196544,-30.829769139882167,-31.437288611208775
-50.93079344821424,1.9817151058334044,-29.61727160221708,-30.07886226844381
-50.45076646224704,2.112663499151841,-30.117814433646203,-29.47352283891222
-50.80303032357172,3.0578114200624653,-28.21124164162451,-28.684475526251212
-51.23084085401317,3.030287929555863,-28.779307437091138,-28.343931922924902
-50.79887624740831,5.438964207635868,-28.170958223839676,-27.731088697729557
-51.27129367495689,3.0993165107557226,-25.725763916840314,-28.12147296608526
-51.16773354132954,2.0479643835434915,-25.225341727944297,-28.864913577621298
-52.125272412392675,2.873426917757873,-26.80743069614872,-28.437243101797506
-53.35068230801256,3.395913175895699,-29.049057049283185,-27.839727147857406
-53.414959883743066,3.332993031070194,-29.09054435072689,-28.579882358238162
-52.044286035978736,4.050295856262527,-27.174076051230386,-30.03956338223745
-51.19841394057606,4.8841673915589725,-26.373908302747164,-30.701642442892027
-50.819958702270064,5.7075732766128855,-25.40559922719892,-29.189953081261145
-51.06931172632407,5.3462302996500455,-25.39500507842266,-29.648498376918734
-50.95652849523453,5.827852760427823,-25.68891304166326,-31.112723668688233
-50.67523340638951,5.719452804417563,-26.983642981761438,-31.1713576699384
-49.382147850764596,6.091194440408451,-27.164671018278543,-29.175268431536672
-47.00788388641776,7.216366166419077,-28.787603905985687,-29.49775154859436
-45.855310465522166,7.267969293436756,-29.184663267452887,-28.557975098745175
-45.20815353617138,5.945241210495059,-29.609394758322026,-28.18758659764078
-45.11303436142526,7.216351995846935,-29.328630804069412,-27.329137280492837
-46.563313363459585,7.563802340074638,-30.650872205179628,-28.800563656486926
-45.35778634373707,7.481050805254564,-32.33022086040462,-30.92311896010622
-46.38328086990136,8.335985274771476,-31.84838639642851,-31.10577237906349
-43.82451232166475,6.328983507426594,-31.51104209569719,-31.321920603408607
-43.86404983755003,5.8597108917611385,-32.42508964567133,-33.27843155740542
-43.613620468146294,5.24137664360825,-33.72511349714618,-34.17477165129812
-43.74425832266348,4.44386390888949,-34.25706360958434,-31.93425863805916
-42.67480842131716,1.9094851662440124,-33.78561167610982,-31.981059956110467
-44.27058126158453,0.9492713370771455,-34.794226194362764,-31.76888616596698
-43.105388707543426,2.1271143054369004,-36.354100778091755,-30.89075341698333
-44.37556396499281,0.7029750312055423,-37.99215042047857,-30.800156126871176
-43.213215970482146,0.4458435256196033,-39.12803987416477,-31.3642524448862
-44.02565880657186,-0.37759111592391115,-39.476162684798396,-31.164480869911525
-42.56337583601797,0.2629975716253351,-38.444948425250345,-32.09480527403698
-41.407965768362,-0.19978039091569277,-36.86143026381108,-30.92920714822476
-42.42530620463287,-0.5161973957301467,-36.89906930100893,-29.26266348729152
-43.68913999675291,-0.8319446598503821,-36.64979196842457,-29.19141947838143
-41.49014028761401,-0.058644673941708136,-36.97008522107902,-27.549738821541712
-41.80607256768621,1.873868756882208,-36.04499055643824,-27.822536042775464
-40.639872362882585,3.080198458934026,-36.223657041381486,-27.86039959252734
-39.86399872096057,1.5305788387493013,-38.19652583480552,-28.8369088929786
-40.37661530130938,0.6305744650463352,-37.84834900628996,-29.290945930502545
-39.00371200294344,0.41407023243945273,-37.33648243718089,-29.094371795818414
-38.25385342574868,-0.2928321402794756,-37.7590147730006,-29.284842922611272
-38.14201286304579,-0.0239767261933021,-38.0348350728629,-29.823635753957603
-37.29324850431362,0.9617260034969124,-37.78334633268846,-29.787393380643238
-36.98350779454746,0.6205743029348624,-38.50218102185558,-30.697114957888992
-35.864076338687816,1.3224246067234096,-37.36570863768229,-30.998308251224767
-35.80256232844788,2.2131802152753193,-37.20269406755689,-29.52813807107126
-36.733792640382966,1.305581185147898,-36.599075672036044,-29.625021466787466
-37.54083201987781,3.3799704496414056,-36.55914069478821,-30.372308248424186
-35.912946024214804,3.3480165415280227,-39.05371673615922,-29.59661671219604
-35.16085421702138,1.7872038575426927,-39.37016321550803,-28.593357381039066
-35.627648029411795,0.9486937330025993,-39.44849005860727,-28.922080476197166
-37.60099728267361,1.9701863661245234,-39.40147479485993,-29.327957146549878
-37.730539390536016,1.5581962869202077,-39.56440387623672,-28.85311928700366
-37.899517023316314,-0.3912283593438286,-40.11721220227746,-28.146134122753818
-37.948815053959535,-0.9189499895947807,-40.133993451303205,-26.777724134387086
-38.1236659880045,-1.156586186865844,-39.49218238533064,-29.013028246717926
-38.57901497924929,-0.9272669079926574,-38.004877144985066,-28.188627013435806
-39.45052505474263,0.1980209670007529,-37.52625537335426,-27.596651122101385
-39.68243817789201,0.7311538621735321,-36.52768687731097,-26.860688223542407
-38.80852792277166,0.776601718364608,-36.268195699300065,-25.81088203272164
-38.789290349545084,0.34405520613972673,-36.330107402207005,-26.29262094894391
-40.51141234677974,1.713423534890194,-37.91776452687496,-25.2102338049653
-40.695684004917496,1.9240932264459905,-40.072342765977815,-26.368007914301945
-41.07527355763011,1.8770996639200286,-37.54019324865271,-26.900078044195386
-40.69690762052206,1.7142740150870184,-35.36431789327413,-25.956652476105873
-40.14358307653265,2.854585090064613,-34.684923369469466,-26.019587460496496
-39.61648222536592,3.00417320851545,-34.48951364513703,-25.600378996423
-38.450192727822206,2.099023989573128,-34.75219768960244,-23.928782648415915
-38.01063750128237,2.5334817782143477,-32.31025451004284,-23.935406968689364
-39.07549033304701,3.0213646026342476,-33.87414886049473,-23.52889151152688
-40.13431903263776,3.762525144371601,-34.68176656388717,-25.641238896265296
-40.41426224766545,4.8145836656697485,-35.36280949898497,-24.11231171938513
-38.978400372108865,5.43865387628226,-35.17522128237318,-24.810422983305873
-38.4452786769673,6.116312065001312,-34.82774713788143,-26.160225168322086
-38.1909826291327,6.730836272019506,-35.53795964878046,-24.120402379777545
-39.50340459810883,7.367364574876803,-34.901625834437105,-25.546166656300134
-38.42625436077083,7.685508569804189,-35.26915543525396,-24.2274701229337
-38.71989528077164,6.649663826155519,-34.9122480914124,-25.59178184470943
-37.770885705127526,6.786700830767791,-34.17010725007293,-28.170106155487744
-36.81047123764323,6.547489143275655,-32.76511575362534,-27.787965321035006
-37.65155020051293,6.162496478998524,-32.15156521507773,-28.856846510702006
-36.7096806685063,6.402446050670781,-32.769471726543884,-29.827919468341307
-35.80875743007542,4.807400540710937,-33.27533614928891,-29.606797199096924
-35.1524302458031,6.333088429173518,-31.315304242742673,-29.161244217322164
-35.202692729157015,7.348731644110971,-30.55946169492154,-30.810629415879813
-34.601999035268115,7.384779764571098,-32.2844211438456,-30.380986708790697
-35.37019105960045,7.621249113373277,-32.580431728725785,-30.067338003106478
-34.4952068621048,7.233263205916321,-31.671269102746475,-29.12904369836269
-36.65137684508335,6.145430015267577,-31.853260052789786,-29.75135360169792
-34.94206229214794,7.792132148672371,-30.267627256832927,-30.684332778897627
-34.682391137143675,6.8981037918570465,-28.87414815684061,-31.22584954332557
-34.347056427692316,8.010032777020466,-28.08136446120989,-32.69515597388089
-34.56027808858271,8.322841692820425,-28.190884629971173,-32.65843823770772
-36.323949124114414,9.019806044946357,-29.57620494045535,-33.8583818819277
-36.49120699543661,8.51714603561317,-28.98103596235623,-33.90592658675479
-36.068165214832575,9.181571899624405,-27.927308797790577,-34.47312247376131
-36.307555756326686,8.978544542605578,-28.841820039636943,-34.922624598959636
-34.99207302706127,8.558333542989574,-30.11298010453291,-33.69363593340513
-33.47327711564389,8.01426716898514,-30.6239174557309,-34.18843357798208
-34.659035324237564,8.044648708801594,-30.64760709607839,-33.404961066873234
-34.02637137340364,6.608210970537312,-31.665738740666054,-33.817187016131655
-33.853047831410464,6.75542695718137,-33.178719642863776,-33.86406144812064
-32.88471611436987,7.732831741605843,-33.64628305799729,-33.91664241566276
-32.99131410357281,7.161492267191547,-30.200367472587878,-35.06529570406307
-33.16214170379712,7.57494693595814,-30.723614450066584,-36.078124560364095
-31.8363987312378,9.478528601556523,-30.83651944074323,-36.919495539686395
-31.495909241305352,8.442735204128258,-31.668158701865284,-38.29387906949386
-31.933460162532437,8.118020829465179,-31.039728359322094,-36.618593124295536
-32.34229145828089,9.128400710449887,-30.51186034991749,-36.75158009494858
-35.116498013079934,8.266475630778327,-31.019795184091542,-38.48538941620938
-35.73215681509723,7.495123920837585,-30.12640976405942,-37.83456145192097
-36.121940362319144,8.750415624839425,-29.34789534543989,-38.59803834561763
-36.21933194015278,10.035454411416588,-28.390063566633888,-37.467033222063975
-36.9819476090693,10.87297428572813,-28.34567633065434,-36.28898120611604
-37.03449603189803,10.06919888677735,-28.097796056034724,-37.16298806930067
-36.13402599568461,10.917968315013715,-29.197077000451884,-36.62779270598957
-36.904380810311146,11.399835928542732,-27.639735585800725,-37.19953331181641
-37.220546763228995,10.824176119660816,-26.924423911100476,-38.082503793140205
-36.99807564529524,10.355214846693197,-27.251337072918016,-38.433062421869565
-34.92936382010397,11.331746327063957,-27.302898645548318,-37.687290738815214
-35.27812833973894,10.333579727155676,-27.97211410460154,-39.26775337785159
-34.57437109579883,9.986299536914114,-27.20304739594652,-40.88482665533558
-34.086941682397615,10.00501237046036,-26.004600920893793,-42.9931023607445
-35.43385680611425,8.962641400182644,-26.88128087081197,-41.88548134222888
-35.450610085456034,8.626763997087297,-26.433620336180393,-42.296958846820935
-34.40282601637926,8.091087100103215,-26.69640621671473,-41.552034476888316
-34.81433474052444,7.355221407668551,-27.429859452604028,-42.84489141857654
-35.06678553267863,6.716960298059548,-27.3195834925429,-44.88069992130461
-36.59828032460192,6.804222048844242,-26.827318728251637,-45.08479839016798
-35.94390232354836,6.790725545974651,-28.453368223385173,-45.12356741261288
-35.82286898297293,7.438842150161017,-29.046004672764045,-44.09209628598557
-36.455730221095784,7.416700893215121,-28.334325410053562,-44.6169915264007
-37.88607816609475,7.203579387902284,-27.65555961919653,-44.86689185182316
-37.44694095563482,6.770843931376472,-27.084058686366944,-44.19230289001583
-37.11906969187826,6.147905754794878,-26.54087188716824,-45.537495146056756
-35.61243537840799,5.5168469100830375,-26.02560531461774,-45.44878111671693
-33.95492341242958,3.489786854047976,-25.507450845153073,-45.764158190749164
-32.75831812801546,3.5997029613709284,-25.965780043045925,-44.97523984513885
-32.11953775324569,5.287501089157227,-25.19724209260879,-43.54039302660508
-32.581215168232454,5.087464648909192,-24.633882754263453,-43.54651874688397
-30.302394051742777,4.863414293381428,-25.34401691244615,-41.40997636800585
-30.479745795426265,6.275063865248864,-26.16285725905376,-41.00281159085739
-29.335961343149137,5.336999362568801,-26.235399370044952,-43.50416842239694
-29.66890239535793,5.487910479087844,-26.0051528519231,-43.62343999957423
-30.843896925613127,7.396526560793574,-25.409689228819193,-43.77150512394043
-30.196248559404445,6.351534218856589,-27.218672454293458,-42.212492246497746
-30.48291577939417,5.686541483524336,-27.16826025312858,-43.30742369977742
-31.14794085704666,5.827440296341462,-27.78046800105195,-42.63617734858716
-30.450148479918873,5.699411287985124,-27.118254691084367,-44.64524683482484
-30.46505828128306,4.621303436542267,-27.661882243559056,-46.31676424871975
-30.588976527813234,3.7093077220049513,-29.998354093135095,-47.04708804230201
-30.429267658870828,4.556188198957974,-30.63169906368301,-47.95462127766503
-31.95129242545481,4.6197660936843405,-30.68987977624615,-46.39197468468437
-31.24470938755457,5.02765425921059,-31.011473762855243,-46.11972647869163
-29.666004264295854,8.163908274858306,-30.496527613434218,-46.52563176374343
